txhash,datetime,from,txnfee(usd),status,errcode,method,using_flashbots,reward_usd,reward_trb
0xd982acb2b05ecaefec0ed906fbdd2c9febb49e26760012d17d5f99ce92732814,2022-01-24 00:16:51,0xaac7da260fb6d047314e213f672b7d3d9503a1f7,125.7543088448,,,Submit Value,False,77.10433333333333,3.783333333333333
0x280fafa6fbfe13398f746e890ba64317d21ed928854d724bdd1293a3c647fa83,2022-01-24 01:04:08,0xa65a5d226cfc9ea6d37b3cbecf8d33796a479ed4,75.4489961117801,,,Submit Value,True,96.36343333333333,4.7283333333333335
0xbae460fe86130ba0b1230516b836d509a10ed8b22dc2f3b6044d17ea65f1b330,2022-01-24 01:55:57,0xd8b5baaba2c185f38d3b395f5bbf8bfa901e0b10,83.9388259513695,,,Submit Value,True,105.60236666666665,5.181666666666667
0x52a3d8160d58058606b53bc18a82f32b2c45c9aaafaae065833462e718f58ade,2022-01-24 02:43:02,0xdd6d1c35518fc955bbbeb52c5c1f5fb4e16d7eaf,69.7653969382162,,,Submit Value,True,95.95583333333332,4.708333333333333
0xdfc5df88a13d813c60bb66e0b840ad8d05942c879bf12f514d5edd89f80142c8,2022-01-24 03:35:43,0xada9b51e4ec1c62cde7fe002edc1e96bd65852af,86.441898598,,,Submit Value,False,107.36863333333334,5.2683333333333335
0x181d2408c175e23bc8fc998d4e893630aa2bc0f1b0a5ed73bdc9b0b308a8ab6e,2022-01-24 03:37:10,0x2fe6d14ffbe1b9abcc9f1aa44d5baa247abc2825,7.45924657159337,Error(0),Reverted,Submit Value,False,0.0,0.0
0xa4baea5f5f22a54b99a1d69686ac10f494c55ced2e3191b1d05df2f58b8460cf,2022-01-24 04:17:50,0x2fe6d14ffbe1b9abcc9f1aa44d5baa247abc2825,63.0807776138699,,,Submit Value,True,85.83376666666666,4.211666666666667
0xe695f7ce6daeb7893ee7986b1f95f611c7549a2b4f620b7f2ba9a545f48be3c1,2022-01-24 04:58:12,0xdf37ed214461fcdf9f10995d6b1b7c9bb963f1ad,59.2533153924348,,,Submit Value,True,82.26726666666667,4.036666666666667
0xc4dcbda2716117aab8acf1eb6c2c1b214b0de62708c50c7e1670ed5868a64ddd,2022-01-24 05:36:11,0x0d4f81320d36d7b7cf5fe7d1d547f63ecbd1a3e0,54.8044225754658,,,Submit Value,True,77.41003333333333,3.7983333333333333
0x884bebdc83626912414b2a168ad37c9192906370c968ce332cf628f704f49fd0,2022-01-24 06:10:07,0x790802c27897fbf2ff24c9fb05a8c369e9006147,50.1903281460407,,,Submit Value,False,69.15613333333333,3.3933333333333335
0x27d6713ede0479ded06ea8885a104add8d54895ac62c2312cd1877f5e19df8ea,2022-01-24 06:54:34,0xc569e79b6d91866c5432e27f11e8428e7749fe78,62.9440869400122,,,Submit Value,True,90.5891,4.445
0x1a9ec9d13b6b7ace95cff6a344f59b54025bb89d784d38dec4d5fbbade6d6ad0,2022-01-24 07:30:13,0xb83268bb3a8d3ea50595876377f227d8cd25f1d6,51.9075785264924,,,Submit Value,True,72.65469999999999,3.565
0x79c97e74c1d04a2e7116ed0c24f73f56bf2457ae7c02ff168b0eecce8596c600,2022-01-24 08:13:00,0x8c1de9e0e02758b8ba2eefd96e9330917e371ae8,56.6124574239974,,,Submit Value,True,87.19243333333333,4.278333333333333
0x97d352b0205ed34cdd6275130666a7b22705d831b8fd944b174c03542240221a,2022-01-24 08:58:09,0x5ff4598cf19dca403e03a451b17e941766035161,68.8824524130655,,,Submit Value,True,92.0157,4.515
0xd0b8591dedeb8007624f981cb8b1ec88136e9cfb8e3f70edcf3dd889b915addb,2022-01-24 09:40:14,0xa241e3acbfff471c92b47b0f86ac71325b1c7b2a,59.6970507601303,,,Submit Value,True,85.76583333333332,4.208333333333333
0xa45bf3c12985d226468891b1a80e3952572b9cad8d1f6652d04fef72df678ce7,2022-01-24 10:32:12,0x727ee207995579f3e9ea995794f2ddc3cfd7d562,86.0616234244784,,,Submit Value,False,105.90806666666666,5.196666666666666
0x418fd53c365637f87e961b42eaa9280798588e512c3999a476275adf38ff1c2c,2022-01-24 11:27:09,0x6e971fdea2c5c3cad7b6617e798299375dc94d3c,90.8468892514486,,,Submit Value,True,111.9881,5.495
0xa7124eb7ff7f6a965b0de15d01b26851c86e99877be22c1c8cfc94241b94aeeb,2022-01-24 12:10:36,0x1ca2871cc7a42db0bffc3d7947fae282d180e4e6,63.4321762942369,,,Submit Value,True,88.55109999999999,4.345
0xf3f365649e576985dffcf1f478de512a9ddcb4089e2d4a2f963b4d7f6e502328,2022-01-24 13:05:46,0x476f0b3a6919a3b3217757a0a20151d293624060,89.1101386038505,,,Submit Value,True,112.42966666666666,5.516666666666667
0xa45899ac160848b2e17b2dc7dbb78d555eef60daa2730d8d7bbdef3eb77b432a,2022-01-24 13:49:43,0xa65a5d226cfc9ea6d37b3cbecf8d33796a479ed4,64.0850912455708,,,Submit Value,True,89.57009999999998,4.395
0x8a1bef480bd0c2614b9526977b44f7c1ecd6b34c014d8a23434f7ae3428b2c22,2022-01-24 14:57:31,0x9670406d5b7dfe92dd24a926481b6280790699d6,104.558931212056,,,Submit Value,True,138.1764,6.78
0x5ee5b6dbc58b2893b6aa3c0ea9339fffd8e944b1462e00d57560bc3a68a1a746,2022-01-24 15:51:39,0xd8b5baaba2c185f38d3b395f5bbf8bfa901e0b10,82.1683728361609,,,Submit Value,True,110.32373333333332,5.413333333333333
0x015f64f413f37309f93deecf91147cb80cab7d05a4f3ff371f37a1299513c784,2022-01-24 16:54:33,0xdd6d1c35518fc955bbbeb52c5c1f5fb4e16d7eaf,98.3561340380858,,,Submit Value,True,128.1902,6.29
0x305e8d40b724a10448b11b643577e5360d9be3ac56db6e515692e402501d5238,2022-01-24 18:01:45,0x2fe6d14ffbe1b9abcc9f1aa44d5baa247abc2825,111.89244977896,,,Submit Value,True,136.9536,6.72
0x3d1ef9777497239a7294a7eaccc477b554f8a6c0b88870d6d1285fd9bfd6dee8,2022-01-24 19:06:40,0xdf37ed214461fcdf9f10995d6b1b7c9bb963f1ad,104.809535190273,,,Submit Value,True,132.30016666666666,6.491666666666666
0x2997beabeb5e830f884eac77816a050781a10d30db9c2735ff8849addcd9c3bb,2022-01-24 20:10:03,0xb83268bb3a8d3ea50595876377f227d8cd25f1d6,108.551787867352,,,Submit Value,True,129.17523333333332,6.338333333333333
0x7bd9a5d9881bfc58adf8c79036a5a7a5fe92f2303cae50b4aec87c63da1db739,2022-01-24 21:13:54,0x8c1de9e0e02758b8ba2eefd96e9330917e371ae8,109.078825320726,,,Submit Value,True,130.1263,6.385
0x10f5e563f420cd890ad88d7ebbea496b87590577b7b2ff95761606cd5c983973,2022-01-24 22:14:31,0x0d4f81320d36d7b7cf5fe7d1d547f63ecbd1a3e0,98.1361914407619,,,Submit Value,False,123.53676666666667,6.0616666666666665
0x1a18e8682e760626726c55e38f9048c937a8ecafe9bcf9b575c4e5a86232ef4e,2022-01-24 23:06:40,0xa241e3acbfff471c92b47b0f86ac71325b1c7b2a,83.161970522525,,,Submit Value,False,106.28169999999999,5.215
0x2d04e9746811399055682b16ff42e43e6450fd25b7e92414b6e2f33a9e7ceb3a,2022-01-24 23:57:45,0x727ee207995579f3e9ea995794f2ddc3cfd7d562,79.8227220904823,,,Submit Value,True,104.10783333333333,5.108333333333333
0x54f7a202d2396f22b5b219f82a6f6adbd83cf78bf7b84eaa3bca9996f4fa0642,2022-01-25 00:15:50,0xaac7da260fb6d047314e213f672b7d3d9503a1f7,102.1753759364,,,Submit Value,False,0.0,0.0
0x9b52cec7553743f6eb1e5dbe3e95c648dadc8283cb35704e676f13ba08b96b50,2022-01-25 01:12:25,0x1ca2871cc7a42db0bffc3d7947fae282d180e4e6,93.5437348465719,,,Submit Value,False,0.0,0.0
0x933c51b5c4715c938494c72cec20a33980fddbbddbfadec2b345f64fe690f57a,2022-01-25 01:57:51,0x6e971fdea2c5c3cad7b6617e798299375dc94d3c,68.4005959478552,,,Submit Value,False,0.0,0.0
0xd5749a40554052feac3f52e8dda2b3ef6066a566f94c3942de2c465cdbe21859,2022-01-25 02:42:53,0xa65a5d226cfc9ea6d37b3cbecf8d33796a479ed4,64.4665864673015,,,Submit Value,False,0.0,0.0
0xe550d93db9d6a30c720d5d28e7a839e06be6b4d472947a239e8913c65779fc2a,2022-01-25 03:28:51,0xada9b51e4ec1c62cde7fe002edc1e96bd65852af,77.0118732964,,,Submit Value,False,0.0,0.0
0x0dd84a2f20c3a51d6966ad4d1360606a8b099edf060c5dba65000f0f790f685b,2022-01-25 04:18:30,0x790802c27897fbf2ff24c9fb05a8c369e9006147,75.6910429436547,,,Submit Value,False,0.0,0.0
0x4d5ac5803e1ea36ed91f811990f5e86a0dbfbc55fa230805d5557105c8b75d62,2022-01-25 04:53:54,0xd8b5baaba2c185f38d3b395f5bbf8bfa901e0b10,50.7442122648397,,,Submit Value,False,0.0,0.0
0x7396cb6458c798c5150c2bf39e3cfb738318cfaf2a3aca17903c166f6b052331,2022-01-25 05:31:54,0xdd6d1c35518fc955bbbeb52c5c1f5fb4e16d7eaf,56.0345125522058,,,Submit Value,False,0.0,0.0
0x040f0e21c60efb6e93f88b131f582bc8ff0e573b5a985f1a9e00989c7cd4542f,2022-01-25 06:08:59,0xc569e79b6d91866c5432e27f11e8428e7749fe78,56.3582488205756,,,Submit Value,False,0.0,0.0
0xdd375b9230e980ab564226cbe46700910956151a4ea5ae7f1c24d6cf1d9c9e02,2022-01-25 06:47:54,0x2fe6d14ffbe1b9abcc9f1aa44d5baa247abc2825,57.0361897478548,,,Submit Value,False,0.0,0.0
0x1461bd4e064c215f0c37878ada1eb118b6bd1e2e03c2c80cf0638151aff93066,2022-01-25 07:29:12,0x47d945a6fa7a9d3098f18fd683fc9f43de396c3d,64.4385062276,,,Submit Value,False,0.0,0.0
0xb26fd37bb8a4deccd14d5fd5bef945afde7588e546fcc7735a7fb96c1a568d3f,2022-01-25 08:11:07,0xb83268bb3a8d3ea50595876377f227d8cd25f1d6,67.1510549733524,,,Submit Value,False,0.0,0.0
0x55299ff89351a3e59137a8756cd29294ba8f223b957343f73566248c3383897b,2022-01-25 08:45:19,0x476f0b3a6919a3b3217757a0a20151d293624060,53.4755170919543,,,Submit Value,False,0.0,0.0
0xd875cf08b120db92714a5bd29573d6a9a65f72bceec470580378ecc9ab67541c,2022-01-25 09:23:46,0x5ff4598cf19dca403e03a451b17e941766035161,59.3578941791038,,,Submit Value,False,0.0,0.0
0x1cd58ce9531bdb9b24269f3a895f2d865c0b17b0f66e935fcaf1a93b9f887394,2022-01-25 09:59:55,0x9670406d5b7dfe92dd24a926481b6280790699d6,55.9103578565957,,,Submit Value,False,0.0,0.0
0xac72d404a97017b5071f2a8348122103f63b75e04a03fd2c1e1629a96f56a0c7,2022-01-25 10:41:57,0x28be4fcbfeda8bb25c43a53ed87bc7540a9c463f,67.1605097822099,,,Submit Value,False,0.0,0.0
0xe6bb36a60e311b365547b002655f20ab8ac4c7f0264c4b58de8c0076045ea80c,2022-01-25 11:15:29,0x0d4f81320d36d7b7cf5fe7d1d547f63ecbd1a3e0,48.9542072007647,,,Submit Value,False,0.0,0.0
0x3d40bb3ada6b5072f034ab3747b1f2ff0858eb67536ea29463f56ff3c7b7c514,2022-01-25 11:47:52,0xa241e3acbfff471c92b47b0f86ac71325b1c7b2a,44.5417803582745,,,Submit Value,False,0.0,0.0
0x025e163493ffda3c2ea768913542d0a0316c3448f1a94c05930d89d93c821b0f,2022-01-25 12:24:29,0xacfe63246b61a4e7e9e0488e5b8a9b26d578b023,48.0335083927185,,,Submit Value,False,0.0,0.0
0xa1c0ca5336f65961637575b5e92d6c86e343a575b11352b410f760e11b87c420,2022-01-25 13:14:30,0xbbf539090a662db9417e0f9bfc36f83e08768267,70.1400936937188,,,Submit Value,False,0.0,0.0
0x43d219ab2c8a87da2534d4c62d9bedd1c181b1f885e8bd73ea35b8e085b1748e,2022-01-25 14:02:22,0x47cadc8ace1ea3108a2e04550fa8e525598ee9ea,81.7268859472,,,Submit Value,False,0.0,0.0
0x3362c660482d6da3b16e0bc74db69e6647d6e58c4596aad3241facbc52642f6f,2022-01-25 14:58:43,0xfe1e01b2a3da85e7710bcffa44110f5e6eed5997,95.0860884578,,,Submit Value,False,0.0,0.0
0x8471642553437f283175301341a1e102b0a1d7c85bc7c27daec87fab4da9570c,2022-01-25 15:50:03,0xa65a5d226cfc9ea6d37b3cbecf8d33796a479ed4,86.9321753444206,,,Submit Value,False,0.0,0.0
0xbf7a077d0d91e427e020f4390315a516d4111f83ed304130b51a2c22f5e72e6d,2022-01-25 16:41:50,0x6e971fdea2c5c3cad7b6617e798299375dc94d3c,83.798791291922,,,Submit Value,False,0.0,0.0
0x62799c9b7bc318f8b28ee0b47f2d6ad613643fb2534ed0abb42ff845eb508dde,2022-01-25 17:50:49,0x1d7fb34d9812a3bee479c9d5b8a8d2008626629f,113.946139061,,,Submit Value,False,0.0,0.0
0x784c46950c442e9969879bd134f09223870c13c1ec8a234024b20a455e120cdd,2022-01-25 17:50:49,0x790802c27897fbf2ff24c9fb05a8c369e9006147,10.9795143169194,Error(0),Reverted,Submit Value,False,0.0,0.0
0xcfaab829ef2bf2a19b3e26f463c69f4a53c2eb0feb7c705ac2e5121a49b76fef,2022-01-25 18:48:52,0xd8b5baaba2c185f38d3b395f5bbf8bfa901e0b10,103.200271386457,,,Submit Value,False,0.0,0.0
0xc10a5e0514e579153a721dd86187e2521eb17377685e91c9abd9f918fedb63d9,2022-01-25 19:59:42,0xdd6d1c35518fc955bbbeb52c5c1f5fb4e16d7eaf,129.465190483871,,,Submit Value,False,0.0,0.0
0x35bea7e6db5aede9164cc8276c117d5c47ea62970a508e75de65390bac08206d,2022-01-25 21:12:59,0x2fe6d14ffbe1b9abcc9f1aa44d5baa247abc2825,133.104624019616,,,Submit Value,False,0.0,0.0
0x0e7ef177184ff3ede10405cbb0130810a58427164b380900d10fb5ca85455a41,2022-01-25 21:13:06,0xb83268bb3a8d3ea50595876377f227d8cd25f1d6,14.23349180256,Error(0),Reverted,Submit Value,False,0.0,0.0
0x28b9c93732147397d89656ce026dfabf397430bb46c31954bda5bc6d069c0519,2022-01-25 22:02:23,0x790802c27897fbf2ff24c9fb05a8c369e9006147,86.7638032630319,,,Submit Value,False,0.0,0.0
0xf7f86c8b7fb031d0ca03761d899900cc738a3d8cd9d91c54c572505c184e8f48,2022-01-25 22:48:48,0xc569e79b6d91866c5432e27f11e8428e7749fe78,76.3500678461954,,,Submit Value,True,94.59716666666667,4.641666666666667
0x5c399a4a46e9dd97ee7ffd4fb24e4755e42d9670acfc18a1bde63b58e4e14a56,2022-01-25 23:41:03,0xb83268bb3a8d3ea50595876377f227d8cd25f1d6,81.523582120553,,,Submit Value,True,106.48549999999999,5.225
0x6f0bb7e191796374fb7ff7f103f49a861ec14df3df9e4771e4e753c239f5aa8b,2022-01-25 23:41:03,0x476f0b3a6919a3b3217757a0a20151d293624060,7.99220805050952,Error(0),Reverted,Submit Value,False,0.0,0.0
0x49a938cb2f38d4f6591f6447481cbb6ceb707cf46950209c2b887d3c43e302f1,2022-01-26 00:18:43,0xaac7da260fb6d047314e213f672b7d3d9503a1f7,108.46309137864,,,Submit Value,False,76.76466666666666,3.7666666666666666
0x5e33970be16634833cd4fdd810197f616a9d7212a60265975022e3866d428017,2022-01-26 01:02:09,0xa241e3acbfff471c92b47b0f86ac71325b1c7b2a,71.8731804686516,,,Submit Value,True,88.51713333333333,4.343333333333334
0x6bdc84057f62c8c2c49030f7e1d8f8e0dca9e25944a841475d5ff367ec7f9107,2022-01-26 01:50:00,0x0d4f81320d36d7b7cf5fe7d1d547f63ecbd1a3e0,85.6894409569374,,,Submit Value,True,97.5183,4.785
0xf145db9cc866db4512a5cce43fc2a8223573c9f0c7844d89bb69690d1ad6d5c2,2022-01-26 02:32:13,0x476f0b3a6919a3b3217757a0a20151d293624060,71.3552293037357,,,Submit Value,True,86.03756666666666,4.221666666666667
0x0517731d8cfbf01d2daa06418816acc66781a39857f20daf20037f7f04e290d1,2022-01-26 03:15:27,0x5ff4598cf19dca403e03a451b17e941766035161,74.4419731856484,,,Submit Value,True,88.10953333333333,4.323333333333333
0xa521f8c89aac3120b763dc30d048da53e02b56912ceb265d76b4f7a268048f52,2022-01-26 04:10:17,0x9670406d5b7dfe92dd24a926481b6280790699d6,97.3652945168622,,,Submit Value,False,111.75033333333333,5.483333333333333
0xdada1220a87f9f166b35f1a00bde7344dcd2f3a30442eb6383b5bbc00adfc23f,2022-01-26 05:01:37,0xa65a5d226cfc9ea6d37b3cbecf8d33796a479ed4,90.1183498901402,,,Submit Value,True,104.61733333333333,5.133333333333334
0x0e3bb53c6247326edf9ec2bd1954d512152690c33fe561a6bd02938c9626adf9,2022-01-26 05:43:12,0x6e971fdea2c5c3cad7b6617e798299375dc94d3c,70.6196684423608,,,Submit Value,True,84.74683333333333,4.158333333333333
0x07d95920e3501d010de484094c2eee92b107edbd3992aea489acef00aa46415c,2022-01-26 06:21:15,0x28be4fcbfeda8bb25c43a53ed87bc7540a9c463f,61.3428972010048,,,Submit Value,True,77.5459,3.805
0x885afb33ba92dc1961ddfe958c0a9ea2586629e799b8ae56ff6626993be46ef5,2022-01-26 07:08:13,0xacfe63246b61a4e7e9e0488e5b8a9b26d578b023,78.3068091034907,,,Submit Value,True,95.71806666666666,4.696666666666666
0x8645dade1377ae6b4a286a4acfb0d413c3c0510d87b59969376a1c1408df88ba,2022-01-26 07:42:30,0xd8b5baaba2c185f38d3b395f5bbf8bfa901e0b10,52.4304248785653,,,Submit Value,True,69.86943333333333,3.4283333333333332
0xde66518824f8490c4df6113b421b86a0f676c6a776256037c77b3270bdc76a17,2022-01-26 08:25:25,0xbbf539090a662db9417e0f9bfc36f83e08768267,62.235284169741,,,Submit Value,True,87.46416666666667,4.291666666666667
0xd1a88219f5e726742d79b2f566869a9f3b2e167b7101a09d3447d4e6a6bbf554,2022-01-26 09:11:40,0xdd6d1c35518fc955bbbeb52c5c1f5fb4e16d7eaf,66.5344369797559,,,Submit Value,True,94.2575,4.625
0x8676caab290b17582f68d8d0cb4fd7bee94e8d64b6ba7f50648ae18016d3e2cd,2022-01-26 09:53:05,0xada9b51e4ec1c62cde7fe002edc1e96bd65852af,65.2243416694,,,Submit Value,True,84.40716666666665,4.141666666666667
0x5aea25b21dab68ad3a1ae1ddd731bceb6d2e90af5e84908a772f7dc48707f871,2022-01-26 10:36:15,0x2fe6d14ffbe1b9abcc9f1aa44d5baa247abc2825,63.763172895129,,,Submit Value,True,87.97366666666666,4.316666666666666
0x94545f58e0eff353f24dcd3d53e7e36e49a8b8fd179b64c18b1df17a600ab1d1,2022-01-26 10:36:29,0x47d945a6fa7a9d3098f18fd683fc9f43de396c3d,69.1535188784,,,Submit Value,True,0.4755333333333333,0.023333333333333334
0x85c59041ea4682e4958082483190fdf9ba56fca90e8cdb4c8afbef71ad8cb8d3,2022-01-26 11:18:46,0x790802c27897fbf2ff24c9fb05a8c369e9006147,56.0356446136315,,,Submit Value,True,86.17343333333334,4.2283333333333335
0x60a34d115f6360ab8ba33d103689a8778658a455fb81950247e7bb0731f13dc1,2022-01-26 11:55:10,0xb83268bb3a8d3ea50595876377f227d8cd25f1d6,60.2972793263065,,,Submit Value,True,74.1832,3.64
0xeb435fdd0d675ee2f4a28933bb684ed33f04f934c88a262b38559855e2134551,2022-01-26 12:45:53,0x47cadc8ace1ea3108a2e04550fa8e525598ee9ea,88.7994049234,,,Submit Value,True,103.36056666666666,5.071666666666666
0xdaa5dd35b467db4e8c5b3808456585520a48b208b9f8625fbb99961a13a96600,2022-01-26 13:20:42,0xc569e79b6d91866c5432e27f11e8428e7749fe78,55.3270004827237,,,Submit Value,True,70.95636666666665,3.4816666666666665
0x8d7e4886fc7b85a4f1983bddf073640af2502f0f201455481a2fa19368b455e2,2022-01-26 14:13:16,0xa241e3acbfff471c92b47b0f86ac71325b1c7b2a,91.105977057755,,,Submit Value,True,107.13086666666666,5.256666666666667
0xfd5fc7abe5ce75b3c3f899ddd65d39674b4d228adb3f406bc4ce944afcc89d5d,2022-01-26 15:10:57,0x0d4f81320d36d7b7cf5fe7d1d547f63ecbd1a3e0,98.8914255176764,,,Submit Value,True,117.55863333333333,5.7683333333333335
0x510b1a6e78ddbf2bafb4ddbefe9168a0c8594a6b51b9c8fadec8e42dda563d0d,2022-01-26 16:15:23,0x476f0b3a6919a3b3217757a0a20151d293624060,115.649666417168,,,Submit Value,True,131.31513333333334,6.443333333333333
0x2221352b537932120ca29b58753bf633693efd21baa0a77bebfc913f2d2deb89,2022-01-26 17:27:58,0x5ff4598cf19dca403e03a451b17e941766035161,129.852090003381,,,Submit Value,True,147.92483333333334,7.258333333333334
0x1a459e9ba44180a2a234e067f48699b3dd945a11648a9e5fce7afdb1c5ff6503,2022-01-26 18:24:52,0xa65a5d226cfc9ea6d37b3cbecf8d33796a479ed4,100.808525508413,,,Submit Value,True,115.9622,5.69
0x38eb567c82d1a99299eb9358662dbc835ba97d64e38826b466b38b7f229d97ef,2022-01-26 19:45:20,0x6e971fdea2c5c3cad7b6617e798299375dc94d3c,147.226440154936,,,Submit Value,True,163.99106666666665,8.046666666666667
0x5b128db022b6fe6c71faa861296fc3719c58e6e9232466562b2e60a07e8367ce,2022-01-26 20:46:47,0xd8b5baaba2c185f38d3b395f5bbf8bfa901e0b10,113.854354333327,,,Submit Value,True,125.23509999999999,6.145
0xd53bd8b5a19968db6ae232d39ea91085eca763b93b5ebe122bf55c2aaab4ba31,2022-01-26 21:46:26,0x9670406d5b7dfe92dd24a926481b6280790699d6,109.629696511398,,,Submit Value,False,0.0,0.0
0x1cbcd16369aaaf39b04b65ba9de9b69f25c05a448f2f975fec915c582f35237e,2022-01-26 22:29:52,0xdd6d1c35518fc955bbbeb52c5c1f5fb4e16d7eaf,78.7734581982579,,,Submit Value,False,0.0,0.0
0x7d5b591ecb10b7e2432251fc49a7e6334ffa01c8c3934dcc5dc907d228f41c72,2022-01-26 23:30:55,0x28be4fcbfeda8bb25c43a53ed87bc7540a9c463f,110.469953696547,,,Submit Value,False,0.0,0.0
0x0b0e46c311db63f19d19c9ff4b2fe16fecc286285b456997601ade82fd02d75f,2022-01-27 00:16:39,0xaac7da260fb6d047314e213f672b7d3d9503a1f7,141.4735974504,,,Submit Value,False,0.0,0.0
0x2dcdf2fcedd91635d8ab934b3736a247daf928a5d35a080aa4ef29c6e2b86475,2022-01-27 00:57:22,0x2fe6d14ffbe1b9abcc9f1aa44d5baa247abc2825,73.19837979445,,,Submit Value,False,0.0,0.0
0xdcf2567a12dde6b5262a5fe8c405d5b3b843a6ef297098a543936179dc057afc,2022-01-27 01:47:15,0x790802c27897fbf2ff24c9fb05a8c369e9006147,89.5834537072789,,,Submit Value,False,0.0,0.0
0x8e3e502837d15c2694e841403c39005bd71862702171f1118e6e2810e0592c4c,2022-01-27 02:27:43,0xc569e79b6d91866c5432e27f11e8428e7749fe78,72.7455178814496,,,Submit Value,False,0.0,0.0
0x31ebc6b215d8e6240b98ea6b9f7052fdf96f1acdc828acb3408c660c93b7dab2,2022-01-27 03:20:26,0xa241e3acbfff471c92b47b0f86ac71325b1c7b2a,94.4489702196364,,,Submit Value,False,0.0,0.0
0x46b162a538ad219a830bc7c2bf39e219d1c05b9b2456df24323c6e06bf6c1300,2022-01-27 04:15:37,0x0d4f81320d36d7b7cf5fe7d1d547f63ecbd1a3e0,98.2484773000661,,,Submit Value,False,0.0,0.0
0x3be2e87c37d1a29af006944dc10a4ac23c78baf039d905a44699476f605e40c8,2022-01-27 04:50:28,0x476f0b3a6919a3b3217757a0a20151d293624060,61.0950210416293,,,Submit Value,False,0.0,0.0
0x66dfdb60b7d8cd8d299f0fbf43dfc6c9ae6e220ad0903227784b9dbf08d85c56,2022-01-27 05:26:12,0xacfe63246b61a4e7e9e0488e5b8a9b26d578b023,60.6200852989372,,,Submit Value,False,0.0,0.0
0xa1ee921b5106f17673071d7d9b2cc5487b7c5c7efea58584409f883fd60ec37b,2022-01-27 06:03:06,0x5ff4598cf19dca403e03a451b17e941766035161,59.5186929322026,,,Submit Value,False,0.0,0.0
0xf9a28a5ed7b4c75822af4f74a61614b98dd7fa5b1f6054417a3f220e9df4eec9,2022-01-27 06:49:23,0xbbf539090a662db9417e0f9bfc36f83e08768267,76.7803676588373,,,Submit Value,False,0.0,0.0
0x4a00ffdded872575b6e5db8e03537e4ad6edbf78da68fd75ed663c78e8e1f68c,2022-01-27 07:31:02,0xa65a5d226cfc9ea6d37b3cbecf8d33796a479ed4,64.2615430671674,,,Submit Value,False,0.0,0.0
0x1bace55a967a1cf225262f55fdd44fc56356bae39351b7d341c5a2647873e12f,2022-01-27 08:30:23,0xdf37ed214461fcdf9f10995d6b1b7c9bb963f1ad,100.614157106905,,,Submit Value,False,0.0,0.0
0x66f82e7b389334f4de976b3a82b922a2bac75a0899058576265b416d3b33a269,2022-01-27 09:11:36,0x6e971fdea2c5c3cad7b6617e798299375dc94d3c,60.1255664676327,,,Submit Value,False,0.0,0.0
0x31a77f6586e64b5da273acbae19d08dda9e0d929a31011dc5d6abba24a03f50c,2022-01-27 09:52:42,0xb83268bb3a8d3ea50595876377f227d8cd25f1d6,68.3282390922482,,,Submit Value,False,0.0,0.0
0x997df8415e2ed05ccb3eb42a12f61ee120310f2c4facc28324a6e0be1b974bc0,2022-01-27 10:33:08,0xd8b5baaba2c185f38d3b395f5bbf8bfa901e0b10,54.9740686850812,,,Submit Value,False,0.0,0.0
0x6b532403e2387c1a1f4da68f5397fe9f0f0a8ecde2e77d44e86935ef69bf44ef,2022-01-27 11:21:13,0xdd6d1c35518fc955bbbeb52c5c1f5fb4e16d7eaf,71.2903283152236,,,Submit Value,False,0.0,0.0
0x49bee68807ea21d946acd11595f7a9940d8966ad5daa974d0e70dffd784ea172,2022-01-27 12:07:20,0x9670406d5b7dfe92dd24a926481b6280790699d6,67.6692287443908,,,Submit Value,False,0.0,0.0
0x392b04172acac9c7d00397a5207683ba7c569ca48c00db04f69d8374f233e7b8,2022-01-27 12:44:15,0xada9b51e4ec1c62cde7fe002edc1e96bd65852af,55.008480926,,,Submit Value,False,0.0,0.0
0xf40bf0e371d627a1dc6a510f7f2415c7b00a09142d77add27cf2889f16b90ac6,2022-01-27 13:22:50,0x28be4fcbfeda8bb25c43a53ed87bc7540a9c463f,55.6969580021225,,,Submit Value,False,0.0,0.0
0x70c6ec5dc5e9f39b41b3a8ccf270fa4b33a5685d6cc22961f41c16b5e29a3f45,2022-01-27 14:04:13,0x2fe6d14ffbe1b9abcc9f1aa44d5baa247abc2825,60.9738209002622,,,Submit Value,False,0.0,0.0
0x7b1e4166f44cb2fa9fa93cf6fa9f211afddb2f17b526adf5cd685944caadeb66,2022-01-27 14:53:27,0x790802c27897fbf2ff24c9fb05a8c369e9006147,80.9938606980279,,,Submit Value,False,0.0,0.0
0x17acc79cacf71f4e81879e49d66cda174b48c6e9e44106e2918ef564be71f4a8,2022-01-27 15:40:39,0xc569e79b6d91866c5432e27f11e8428e7749fe78,76.6493691533112,,,Submit Value,False,0.0,0.0
0x9b7c9d32e9e482e8110bc982da99ebf3d3123a265a47dba1e147284bb58de593,2022-01-27 16:30:21,0xa241e3acbfff471c92b47b0f86ac71325b1c7b2a,80.3935170138411,,,Submit Value,False,0.0,0.0
0x9471c288fe73ca70202b72d94616d69f678f22e01c17957e8edc5a33b93226eb,2022-01-27 17:54:00,0x0d4f81320d36d7b7cf5fe7d1d547f63ecbd1a3e0,148.499511428857,,,Submit Value,False,0.0,0.0
0xbe1a2ece057cde83cfc99f2addeb31f8e005b3e9ff1364ece9ee89a1548b6822,2022-01-27 18:56:27,0x47d945a6fa7a9d3098f18fd683fc9f43de396c3d,116.3036453864,,,Submit Value,False,0.0,0.0
0xe258dbefcf55e6366c891ff47e42163fdb69b13ab18b38b6ee5accfb2f284ef8,2022-01-27 18:56:27,0x476f0b3a6919a3b3217757a0a20151d293624060,9.50055053072756,Error(0),Reverted,Submit Value,False,0.0,0.0
0x4fb940f95b45dda7d35657ea28495cf220124a63b31d68fab12ca46e0cb7a2b9,2022-01-27 19:48:55,0x476f0b3a6919a3b3217757a0a20151d293624060,84.6505560483982,,,Submit Value,False,0.0,0.0
0x6550f6f1c0528a4f9496aa78f89d338ab4d5a7ea568bc643a8067dabe61f3fe4,2022-01-27 20:53:33,0xa65a5d226cfc9ea6d37b3cbecf8d33796a479ed4,112.572274924479,,,Submit Value,False,0.0,0.0
0x8d50ab882acad553ace03f942dc7886771fd9ac1d15dadec54ddb71a5a015ac9,2022-01-27 22:11:03,0x5ff4598cf19dca403e03a451b17e941766035161,144.251632390033,,,Submit Value,False,0.0,0.0
0xd6dfe2d84b239a1c1c71aab041836365e1f6f4b00efb1544986788db99e88893,2022-01-27 22:11:03,0xb83268bb3a8d3ea50595876377f227d8cd25f1d6,13.7551287337326,Error(0),Reverted,Submit Value,False,0.0,0.0
0xfa842625e4f0987a27ecfc79290dd33a89097055d37a93ce3599be316e437f26,2022-01-27 23:03:49,0x6e971fdea2c5c3cad7b6617e798299375dc94d3c,88.2554937843869,,,Submit Value,False,0.0,0.0
0x4720ff8e66da7f400fc554ad1ac14360b7e3063764b83466a3c5bc23f96e5f49,2022-01-28 00:11:06,0xd8b5baaba2c185f38d3b395f5bbf8bfa901e0b10,116.827325306241,,,Submit Value,False,0.0,0.0
0xc60d1f644786dbbb662c788d528bb243d5e8e08607c592d773f45da33205b2a9,2022-01-28 00:15:47,0xaac7da260fb6d047314e213f672b7d3d9503a1f7,227.9296847812,,,Submit Value,False,0.0,0.0
0xab7037472f4b3c65aeb8bbbbc344c74263b819cbe3bba9d641239db1ed3600f7,2022-01-28 01:22:06,0xdd6d1c35518fc955bbbeb52c5c1f5fb4e16d7eaf,114.009834631622,,,Submit Value,True,135.15336666666667,6.631666666666667
0x6786f6d43b7958760d5acb637c9624f4a715dea30a26c8f4b1a2a76a21f4ca9e,2022-01-28 02:13:39,0x9670406d5b7dfe92dd24a926481b6280790699d6,87.0568982812138,,,Submit Value,True,105.0589,5.155
0x25ae880b65b75ee600ad47299ef4ea290b0bd11c4e68cb03b93a4604b3b9392f,2022-01-28 03:01:06,0x2fe6d14ffbe1b9abcc9f1aa44d5baa247abc2825,79.6916563689407,,,Submit Value,True,96.70309999999999,4.745
0xea185f686272f88ef1272c95f596591d67f2c16cc56d40c2e7c0ebcb06d283cf,2022-01-28 03:48:38,0xb83268bb3a8d3ea50595876377f227d8cd25f1d6,81.5382058934347,,,Submit Value,True,96.87293333333332,4.753333333333333
0xaaf6b6795ce8a6b05fee51e839eeb4ba2c323396f6752e452cc6453d826a70f0,2022-01-28 04:36:20,0x790802c27897fbf2ff24c9fb05a8c369e9006147,80.3929619868261,,,Submit Value,False,97.21259999999998,4.77
0x65a783c1696dfe20f5f8e2ce52988fb9d7ee031e9038d10e3331627974aaa95d,2022-01-28 05:26:40,0xa241e3acbfff471c92b47b0f86ac71325b1c7b2a,84.2177674989144,,,Submit Value,True,102.57933333333332,5.033333333333333
0x83f634b454dfb79c5e3a30a43280ffeecd53541b6980cec3c243e4f2a0fe0114,2022-01-28 06:04:13,0xc569e79b6d91866c5432e27f11e8428e7749fe78,58.8092293362416,,,Submit Value,True,76.5269,3.755
0xc3ce0fe23fdc190d20d47152eefd8e503fe0696d6cfd0ce57250cda7a128d71e,2022-01-28 06:48:22,0x0d4f81320d36d7b7cf5fe7d1d547f63ecbd1a3e0,70.1350130214261,,,Submit Value,True,89.9777,4.415
0xb4cdd019ad90ca63a540db5b7814ddf41b66e8b714da2133fa3dc271cccca4df,2022-01-28 07:26:10,0x28be4fcbfeda8bb25c43a53ed87bc7540a9c463f,59.68470539029,,,Submit Value,True,77.03639999999999,3.78
0xfc76c520c35982ba0eb455de77771c5ae7e712e29e4326905bcb6cdb1c692d58,2022-01-28 08:10:45,0xacfe63246b61a4e7e9e0488e5b8a9b26d578b023,68.4242149856011,,,Submit Value,True,90.86083333333332,4.458333333333333
0x708cbf9d23c67275030bb6b0837d94b265089f8d605672dc1944ba730a0e2bff,2022-01-28 08:51:07,0x476f0b3a6919a3b3217757a0a20151d293624060,57.6184960254141,,,Submit Value,True,82.26726666666667,4.036666666666667
0xaea9d9cdfcd6701be0fc5a4306b7b1ac0044d3ff50a21303930cc62d94489f8b,2022-01-28 09:36:16,0xa65a5d226cfc9ea6d37b3cbecf8d33796a479ed4,62.7482997161262,,,Submit Value,True,92.0157,4.515
0x6fe89fa814292f460861c0527132bd127e0b7acbe7d6e91e3b23addfb0174d4c,2022-01-28 10:16:19,0xada9b51e4ec1c62cde7fe002edc1e96bd65852af,59.7234935768,,,Submit Value,True,81.6219,4.005
0x8f9328471413264d3fa75c1a0c3355d8f6a161741c3c267844e6aeada364cdeb,2022-01-28 10:56:32,0x5ff4598cf19dca403e03a451b17e941766035161,57.2541733543684,,,Submit Value,True,81.96156666666666,4.0216666666666665
0x4b59b89a6e8b63174e662ed05f430eef4cc54871d6761584e2b7ee851c0da75b,2022-01-28 11:38:51,0x47d945a6fa7a9d3098f18fd683fc9f43de396c3d,69.9393543202,,,Submit Value,True,86.24136666666666,4.2316666666666665
0xd4f4dfce39400ddebbb1a432780fa60a938a241b51aec2dc002186ee53dfa715,2022-01-28 12:17:18,0x6e971fdea2c5c3cad7b6617e798299375dc94d3c,53.1594775707673,,,Submit Value,True,78.3611,3.845
0xc1d7c13be0c73b746cb7deb9dd463b6e6fa426fb063f9831230fd52b584b71cc,2022-01-28 12:59:46,0xd8b5baaba2c185f38d3b395f5bbf8bfa901e0b10,61.9500520398386,,,Submit Value,True,86.54706666666667,4.246666666666667
0x4d13f75a51619a309610e0a113d62caf2798d51dac4c416eff9a2224b53b0762,2022-01-28 13:47:57,0xbbf539090a662db9417e0f9bfc36f83e08768267,74.7901594201827,,,Submit Value,True,98.19763333333333,4.818333333333333
0x4303caca36964180ba4937b2dcf235a9018affb992cecf5c3ac4b085b681195e,2022-01-28 14:34:39,0xdd6d1c35518fc955bbbeb52c5c1f5fb4e16d7eaf,71.1443426560925,,,Submit Value,True,95.1746,4.67
0x70b4a65413c492b489219924734de766dfd15adb33089dffb378edee1471ee2f,2022-01-28 15:36:03,0x9670406d5b7dfe92dd24a926481b6280790699d6,103.056283045718,,,Submit Value,True,125.13319999999999,6.14
0xddc1e039a3416b1c28981fe4f32bd9b18ef664efee9ed89b46fe99532c10ae22,2022-01-28 16:33:25,0x2fe6d14ffbe1b9abcc9f1aa44d5baa247abc2825,89.587430253291,,,Submit Value,True,116.91326666666666,5.736666666666666
0x4bd24d7eb235564a6e2fb33af833f49015e44a6e47edc7cd1bef52df63fa6c89,2022-01-28 17:25:25,0xb83268bb3a8d3ea50595876377f227d8cd25f1d6,85.0679663756587,,,Submit Value,True,105.976,5.2
0x7730daa2fe3044ab417d3f71da81b4100cc1dfd71b6609caf61c61c9ef7dfba4,2022-01-28 18:04:42,0xaac7da260fb6d047314e213f672b7d3d9503a1f7,125.759468384,,,Submit Value,False,80.05943333333333,3.9283333333333332
0xdf72a7d312f4a1b6032ce3e8df655641fdd5cec7c4fad93f6b4085009e358543,2022-01-28 19:08:04,0xa241e3acbfff471c92b47b0f86ac71325b1c7b2a,102.719661440592,,,Submit Value,True,129.14126666666667,6.336666666666667
0x3fa90d4a2d6d008c8242ce38c88c8647010efff5e81b9b2f3bd3fd25d2fa6a95,2022-01-28 19:57:51,0x0d4f81320d36d7b7cf5fe7d1d547f63ecbd1a3e0,72.8529484093507,,,Submit Value,True,101.45843333333333,4.9783333333333335
0xe10da075f672946f9264056c6f2503be48f6c5144a8cd37d328adbb47bf9eba0,2022-01-28 21:05:08,0x790802c27897fbf2ff24c9fb05a8c369e9006147,112.102467954319,,,Submit Value,True,137.12343333333334,6.7283333333333335
0x9706e369608498f26dba7b94bb49acce616f15a78f960b947fb91cee67c87fa7,2022-01-28 21:57:59,0xc569e79b6d91866c5432e27f11e8428e7749fe78,80.7266618236886,,,Submit Value,True,107.7083,5.285
0x0d14420179fc4e5b30928de35c53e99e742d1aefe097510c7e7ba2d976e8bb56,2022-01-28 22:52:02,0x47cadc8ace1ea3108a2e04550fa8e525598ee9ea,97.4435947832,,,Submit Value,True,110.1539,5.405
0xe8edd1e2ca015ffc68ffdd2fcab0f2887cb8dc8913be3695041620d45912980b,2022-01-28 23:41:23,0xa65a5d226cfc9ea6d37b3cbecf8d33796a479ed4,78.4226436346659,,,Submit Value,True,100.57529999999998,4.935
0xd5bbf258a6ba29d5cde0a939734e4756882f05a3815f7ddbd5941c11e4cdf027,2022-01-29 00:18:03,0x50a86759d495ecfa7c301071d6b0bdd4bd664ab0,102.1753759364,,,Submit Value,False,74.72666666666666,3.6666666666666665
0x1bb4dac6860e9282747ce31931686bbfc5a8e1e85cbc30e7a01c17345162b8b7,2022-01-29 01:06:13,0x6e971fdea2c5c3cad7b6617e798299375dc94d3c,77.0148386157337,,,Submit Value,False,0.0,0.0
0x99ed1881fb3de3795c2b566b5c2a1998c664eff9384334b58c4272950dcb5ee6,2022-01-29 01:57:02,0xd8b5baaba2c185f38d3b395f5bbf8bfa901e0b10,82.9163955229971,,,Submit Value,False,0.0,0.0
0x8a2716c99dceddf3b70fef397ce284fd08db2db0234ba89ddd44396b45596681,2022-01-29 02:46:32,0x476f0b3a6919a3b3217757a0a20151d293624060,80.6154530835689,,,Submit Value,False,0.0,0.0
0xbf5fc89455d00cf592a04459ff410791789c7c094f9403ef32dcc19a37655855,2022-01-29 03:33:53,0xdd6d1c35518fc955bbbeb52c5c1f5fb4e16d7eaf,75.8186443143433,,,Submit Value,False,0.0,0.0
0xc082173f87c16134b8e34e2a2db4719750a30cdc30cfe62a419cc0fc1b79e643,2022-01-29 04:22:32,0x5ff4598cf19dca403e03a451b17e941766035161,74.7207575516177,,,Submit Value,False,0.0,0.0
0x74889c60740e2ccad086fa0b886153e6673eabd35e52ff25efbb55311ccd7d22,2022-01-29 05:01:06,0xada9b51e4ec1c62cde7fe002edc1e96bd65852af,62.866835344,,,Submit Value,False,0.0,0.0
0xb2f8b7b5e117731388d37b0f40be319add1913ab5ce31f90f5c85e8038e76b62,2022-01-29 05:43:36,0xb83268bb3a8d3ea50595876377f227d8cd25f1d6,66.5573690223604,,,Submit Value,False,0.0,0.0
0x888d9d3cdc8304073748329a966e67ec91109df3a945a4f313ae35c95adc3225,2022-01-29 06:18:01,0x2fe6d14ffbe1b9abcc9f1aa44d5baa247abc2825,53.3177003727137,,,Submit Value,False,0.0,0.0
0x5c6fca943b80d92cbabe5e5a6dffe45ef224ede7f7fd6366d8fef6e938bbbd79,2022-01-29 06:56:53,0x9670406d5b7dfe92dd24a926481b6280790699d6,63.2512431711104,,,Submit Value,False,0.0,0.0
0xc49f36f0264927edc2c04b3ac2ebe933482161ca7ba8cf352e1d66736176c902,2022-01-29 07:34:40,0x28be4fcbfeda8bb25c43a53ed87bc7540a9c463f,60.8957830321589,,,Submit Value,False,0.0,0.0
0x02cb21e9e0dc0411ea8205e260b83bdf177ff379281dd8042deb74058fd470b3,2022-01-29 08:08:30,0xa241e3acbfff471c92b47b0f86ac71325b1c7b2a,52.5509989739344,,,Submit Value,False,0.0,0.0
0xfddf1ced33ee0d702ef5aa78137441d78a8b399bb31d2bb31f5d7886e1ddc2d1,2022-01-29 08:41:17,0x0d4f81320d36d7b7cf5fe7d1d547f63ecbd1a3e0,50.4399247046096,,,Submit Value,False,0.0,0.0
0xb5b4e4b4a9ce218f953156034cd422cf723d8f6d9ce89eaeb197398178472a4e,2022-01-29 09:26:36,0xacfe63246b61a4e7e9e0488e5b8a9b26d578b023,73.8588020613267,,,Submit Value,False,0.0,0.0
0xec899620226a12147b92d3d9ffe7a1baa76d0abcf8f4efb08355115195c9104c,2022-01-29 09:26:48,0x47d945a6fa7a9d3098f18fd683fc9f43de396c3d,79.3693796218,,,Submit Value,False,0.0,0.0
0x76f84ce692a835791f18d16a134a49bc3a2dc6ad5ab1ebd68b1997b48b29a7dc,2022-01-29 10:04:43,0xfe1e01b2a3da85e7710bcffa44110f5e6eed5997,61.2951644604,,,Submit Value,False,0.0,0.0
0xcd301fb6d0b3f4c91c1a9588f6580f9da97b38b19de247cce3677dea20573d46,2022-01-29 10:43:27,0x790802c27897fbf2ff24c9fb05a8c369e9006147,61.2403641987828,,,Submit Value,False,0.0,0.0
0x2db4e5c787ce7c942240a9c5387dfbf7bbe74711fff43725d504ada04792cb71,2022-01-29 11:23:21,0xc569e79b6d91866c5432e27f11e8428e7749fe78,63.3914875147199,,,Submit Value,False,0.0,0.0
0xedc32d77100e9e54ac27e57881226a3977b1e99fb1912fbd678fd7f725b35795,2022-01-29 12:06:37,0xbbf539090a662db9417e0f9bfc36f83e08768267,70.6332328596994,,,Submit Value,False,0.0,0.0
0xfb3f3691345222c35e3f5c2f56789ce850baaeeeac4416010760a7b4b41d1356,2022-01-29 12:41:38,0xa65a5d226cfc9ea6d37b3cbecf8d33796a479ed4,52.6135468429253,,,Submit Value,False,0.0,0.0
0x9b96074c4784511476a3ee4bffdec8b8559c5f05032d778081b388b7f4de44b8,2022-01-29 13:21:59,0xdf37ed214461fcdf9f10995d6b1b7c9bb963f1ad,63.8211941938612,,,Submit Value,False,0.0,0.0
0x52feeca3f81bf4d55e87f04b16165911ff994771cbaba58601629b3621d380b5,2022-01-29 14:17:30,0x6e971fdea2c5c3cad7b6617e798299375dc94d3c,93.1476141766786,,,Submit Value,False,0.0,0.0
0x42530a41c253c909912c111a2645418774980981a3b09dcf9b9385de337f6655,2022-01-29 15:16:22,0xd8b5baaba2c185f38d3b395f5bbf8bfa901e0b10,97.1220860487183,,,Submit Value,False,0.0,0.0
0xd92135c389bc482e591d501cb98eb7cc4da22ecbf2c47b0501b2e705e7f8aacd,2022-01-29 16:08:49,0x476f0b3a6919a3b3217757a0a20151d293624060,78.5440858363273,,,Submit Value,False,0.0,0.0
0x33e8929fff738e7c51f134f83dd847fc51c4c936ecdc7aac032217fd570a12cd,2022-01-29 16:49:21,0x47cadc8ace1ea3108a2e04550fa8e525598ee9ea,66.796012553,,,Submit Value,False,0.0,0.0
0xa0c68060b81de7e9f22c4605c77600842a21c34435f2821c989ffd61a6585e30,2022-01-29 17:38:58,0xdd6d1c35518fc955bbbeb52c5c1f5fb4e16d7eaf,72.8082578602061,,,Submit Value,True,101.11876666666667,4.961666666666667
0xef3ba681a6cdba28806e73b5ea90c4ee9dfe8ffc6da71d88b917e60c9ff4b59d,2022-01-29 18:26:11,0xb83268bb3a8d3ea50595876377f227d8cd25f1d6,72.226586626393,,,Submit Value,True,96.22756666666666,4.721666666666667
0x0fabe598c7de843548c8a3586c54e87dc47e65eea5d47ba78b4b414c43264c6b,2022-01-29 19:16:35,0x2fe6d14ffbe1b9abcc9f1aa44d5baa247abc2825,79.7036557079562,,,Submit Value,True,102.7152,5.04
0x45eb2b1607fc8273f13a5f496d4fae8091f2e517611cb6e6bfee3c5657a882a3,2022-01-29 20:03:40,0x5ff4598cf19dca403e03a451b17e941766035161,72.4780485621698,,,Submit Value,True,95.95583333333332,4.708333333333333
0x9b6e9c578d7b7b1bfde2fb937884993eb08aab0a2067f596c41c0d576db27dbc,2022-01-29 20:40:51,0x9670406d5b7dfe92dd24a926481b6280790699d6,52.2645666160305,,,Submit Value,True,75.77963333333332,3.7183333333333333
0x3fbf2bd0f310352d662e705bd5e41034fa8dc4571548a0f4154fc134bbfd8230,2022-01-29 21:37:07,0xa241e3acbfff471c92b47b0f86ac71325b1c7b2a,92.9675648662381,,,Submit Value,False,114.67146666666666,5.626666666666667
0x71f09e8095ddb80c4c2742ee7bfe3c5e673d303780e4d5cc0decd3cda0df7e4b,2022-01-29 22:22:59,0x0d4f81320d36d7b7cf5fe7d1d547f63ecbd1a3e0,70.2060064431257,,,Submit Value,True,93.47626666666666,4.586666666666667
0x7b8c2f5f0774ac7a17183047cc063a8d5161dcc70dec1ccf9898409bb8c733d2,2022-01-29 23:10:32,0xada9b51e4ec1c62cde7fe002edc1e96bd65852af,77.7977087382,,,Submit Value,True,96.9069,4.755
0x51d5b882d5b96785ad43cd698914866aa8e39cabe9e7300f6628df972fae7aec,2022-01-29 23:46:51,0x47d945a6fa7a9d3098f18fd683fc9f43de396c3d,58.1518226932,,,Submit Value,True,74.01336666666667,3.631666666666667
0x6388c1856bf6ec9a27fc0f6c43b32c45480fc78f488afdd5b8560dab3639a357,2022-01-30 00:15:47,0xaac7da260fb6d047314e213f672b7d3d9503a1f7,70.7367987252,,,Submit Value,False,58.96613333333333,2.8933333333333335
0x755be78477871f04031fca6cfc95eba6c7073fa3d31de4478122750b23de61fc,2022-01-30 00:46:27,0x790802c27897fbf2ff24c9fb05a8c369e9006147,47.3059502355,,,Submit Value,True,62.498666666666665,3.066666666666667
0xfe7f85c0f680e3ed35a9026ae00be707495081969f33ff70e04e827fdf5e7c90,2022-01-30 01:23:12,0xa65a5d226cfc9ea6d37b3cbecf8d33796a479ed4,60.8641156713492,,,Submit Value,True,74.89649999999999,3.675
0x7d0721e831104fd5fcf132c4ac065a8adbdd2f70c3f3757a12905803e93a4cf2,2022-01-30 01:59:17,0xc569e79b6d91866c5432e27f11e8428e7749fe78,59.1473727848083,,,Submit Value,True,73.53783333333332,3.6083333333333334
0xc3961c931e629f08103cb24e3255f013fc52607706843f3f694d8e2388a51376,2022-01-30 02:33:46,0x28be4fcbfeda8bb25c43a53ed87bc7540a9c463f,55.9437414435336,,,Submit Value,True,70.27703333333332,3.4483333333333333
0x31e9122bf34f842ab134c910699158f6a3936ed0a9025ae5ac92541270c3cbe3,2022-01-30 03:12:55,0x6e971fdea2c5c3cad7b6617e798299375dc94d3c,66.5122496274555,,,Submit Value,True,79.7877,3.915
0x1cc215a7cc1e397f03efa4fb5c602f986c1e81f2140e2ea1261736fdc9a01752,2022-01-30 03:54:17,0xacfe63246b61a4e7e9e0488e5b8a9b26d578b023,68.8850842589785,,,Submit Value,True,84.30526666666667,4.136666666666667
0x6f2bd92ce75870f364efa29b8a8de3eb267f4219694b90847f24858346cfaa6f,2022-01-30 04:33:56,0xd8b5baaba2c185f38d3b395f5bbf8bfa901e0b10,65.0560709155372,,,Submit Value,True,80.80669999999999,3.965
0xd4a1cfe75518f742060a166e3446a27762b64d16a52f0814910bce09cb660bee,2022-01-30 05:09:07,0x476f0b3a6919a3b3217757a0a20151d293624060,55.0883763680314,,,Submit Value,True,71.70363333333333,3.5183333333333335
0x1a8a22e7109304a7f342d7ab13f77533eb9253ff9b1157ebc94627e67ff50afc,2022-01-30 05:45:58,0xbbf539090a662db9417e0f9bfc36f83e08768267,57.6589053557068,,,Submit Value,True,75.1003,3.685
0xe61cc7cf4a65a26d4c3d740a6a3046d203fe6bdbbc6c37b6562e7dc20b46d551,2022-01-30 06:26:46,0xb83268bb3a8d3ea50595876377f227d8cd25f1d6,69.3895496734991,,,Submit Value,True,83.15039999999999,4.08
0x909b0943280d5ac903b76c57f7c43399479bb428ff9b4b715cbaba7ddec09800,2022-01-30 07:02:16,0xdd6d1c35518fc955bbbeb52c5c1f5fb4e16d7eaf,59.2524030302616,,,Submit Value,True,72.34899999999999,3.55
0xd4996a3d400515e5f9e3352bfbf3864eefee285239b9ad77e10b0e4d26a11d52,2022-01-30 07:29:11,0xdf37ed214461fcdf9f10995d6b1b7c9bb963f1ad,40.9143506448129,,,Submit Value,True,54.85616666666667,2.691666666666667
0xb90f86c48cea5bc8fbac9c2a51f102b93873d6715b7debdf87409da92cc56975,2022-01-30 08:04:36,0x2fe6d14ffbe1b9abcc9f1aa44d5baa247abc2825,57.8330570660494,,,Submit Value,True,72.17916666666666,3.5416666666666665
0x962e5fbaf2b94f5f758c734ba19d6d5e7772b00684e112503ad5a75decfb08d0,2022-01-30 08:39:01,0x5ff4598cf19dca403e03a451b17e941766035161,56.1594747186714,,,Submit Value,True,70.14116666666666,3.441666666666667
0xf07e2318ad831e13f932424238dade6c2f8e1419eca45bb9b2653e520c7b75c1,2022-01-30 09:10:44,0x9670406d5b7dfe92dd24a926481b6280790699d6,50.1653119100021,,,Submit Value,True,64.63856666666666,3.171666666666667
0x71beec59173a231ba0ec6f228af1368e50fdb96054215706c1bc872b4f684338,2022-01-30 09:42:41,0x8c1de9e0e02758b8ba2eefd96e9330917e371ae8,48.2281322560419,,,Submit Value,False,65.1141,3.195
0xae778cd8b90c3d1b3c36a0604cd51d70cf2acd36530479ad764975445d96cef5,2022-01-30 10:18:27,0xa241e3acbfff471c92b47b0f86ac71325b1c7b2a,56.187339802619,,,Submit Value,True,72.89246666666666,3.5766666666666667
0xd0e1fd0d16ed815042d155f582855e5c6cb976696225bcfb814645b8481c0531,2022-01-30 10:48:50,0x1ca2871cc7a42db0bffc3d7947fae282d180e4e6,45.2266879595666,,,Submit Value,True,61.92123333333333,3.0383333333333336
0x7f5d85bd9c091611454388e24b59cd06faaddcf4b4c4baf0652e57ab2b276508,2022-01-30 11:18:52,0x0d4f81320d36d7b7cf5fe7d1d547f63ecbd1a3e0,44.1112082739044,,,Submit Value,True,61.20793333333333,3.0033333333333334
0x539d6bfd91208a92225c14f20a3a1911f79e0819571d0abb63561627db549377,2022-01-30 11:47:05,0x727ee207995579f3e9ea995794f2ddc3cfd7d562,40.6136763720442,,,Submit Value,True,57.50556666666667,2.8216666666666668
0x295a07e3c0ba01cc2085f277c9beed143b6575e171d1c6a183c2f392b324a710,2022-01-30 12:19:53,0x65c472cf57d2df47df0f4756e71ff10f18937045,47.0391211000782,,,Submit Value,False,0.0,0.0
0x603ef3088ff00dc35ec9a72787d2aab522f9e90ab49e36f13d5162693b579623,2022-01-30 12:57:23,0x99280ff3b4b83c1c3d796ffdc564702f6b8fb88f,52.5128321086467,,,Submit Value,False,0.0,0.0
0x861ea498264ce7173716859c8500c899d79dbfa08782f1d88ddfa1d53bc94ac2,2022-01-30 13:39:50,0x790802c27897fbf2ff24c9fb05a8c369e9006147,59.2420621670224,,,Submit Value,False,0.0,0.0
0x77dc49f31cfb7a1823df303c83165d9dcbaf6faed9c42521ba2c0148f575cebc,2022-01-30 14:20:32,0xada9b51e4ec1c62cde7fe002edc1e96bd65852af,68.3676834366,,,Submit Value,False,0.0,0.0
0x5625ba9e9497026652a945f0c8bb0f9fec87b1746bee828a4c5059a6c3e81a64,2022-01-30 14:57:42,0xa65a5d226cfc9ea6d37b3cbecf8d33796a479ed4,48.0718010848884,,,Submit Value,False,0.0,0.0
0xacd2da4e1b23db14ca6e498c5aa27a2cea4b328525c392c6bafc4d27539a79a3,2022-01-30 16:04:19,0xc569e79b6d91866c5432e27f11e8428e7749fe78,109.301494515003,,,Submit Value,False,0.0,0.0
0x7a5835493331c64b070724c17294cc73dbdae1c7e2dcb65c760c23adc9eb0b48,2022-01-30 16:46:28,0x6e971fdea2c5c3cad7b6617e798299375dc94d3c,58.4524207055657,,,Submit Value,False,0.0,0.0
0xf9a3855c33101e3cb1213b60c5e1f1d4c26898bb107e6bdb799d4cc3f81535f9,2022-01-30 17:33:52,0xd8b5baaba2c185f38d3b395f5bbf8bfa901e0b10,69.9230984063372,,,Submit Value,False,0.0,0.0
0x1433f58b73af67a1ed05935d6a11c6b73c84a5ba7171200510c75c273ccc4c14,2022-01-30 18:30:27,0x476f0b3a6919a3b3217757a0a20151d293624060,107.337153942594,,,Submit Value,False,0.0,0.0
0x55971814460579daae5b5007bea358439586d651362a3fcb44b0d35d39c3971b,2022-01-30 18:30:27,0xb83268bb3a8d3ea50595876377f227d8cd25f1d6,8.88633965127413,Error(0),Reverted,Submit Value,False,0.0,0.0
0x00b22891b378171f29a8c8501f1cb39d54112e10e759fdde93523fa780215563,2022-01-30 19:23:15,0xb83268bb3a8d3ea50595876377f227d8cd25f1d6,88.2238818705912,,,Submit Value,False,0.0,0.0
0x921d29746a3b1f832ebc70de601ab84bb38fa3de21bd40011bcb819ebd73545b,2022-01-30 20:14:12,0x47d945a6fa7a9d3098f18fd683fc9f43de396c3d,84.0843922726,,,Submit Value,False,0.0,0.0
0xb32ca0d3d3be1ff88a19282431e12eac5ba47316eab2bea82e87ef1d3e6cfa13,2022-01-30 21:00:13,0xdd6d1c35518fc955bbbeb52c5c1f5fb4e16d7eaf,70.6712917728507,,,Submit Value,False,0.0,0.0
0x3fda3754e5813356aabda2db329fcb63d804616fe22b6be199d1a372722a2989,2022-01-30 21:51:01,0x2fe6d14ffbe1b9abcc9f1aa44d5baa247abc2825,80.0564932875702,,,Submit Value,False,0.0,0.0
0x3385befec0af88b3d76cb5b73eed9d5861ecf9f3df9f089b8017c4404e988293,2022-01-30 22:34:16,0x5ff4598cf19dca403e03a451b17e941766035161,64.3464730647312,,,Submit Value,False,0.0,0.0
0xe72eed814dd39e8c910a3bf7df4100d3eab5d4ca254717f35ce0ccc92f87472d,2022-01-30 23:23:54,0xa241e3acbfff471c92b47b0f86ac71325b1c7b2a,77.6614241468052,,,Submit Value,False,0.0,0.0
0x8691f2db22b19a7077e2adb44d900b31ecc874b4a8f529c5471d8c7159ce493f,2022-01-31 00:20:59,0xaac7da260fb6d047314e213f672b7d3d9503a1f7,94.3157316336,,,Submit Value,False,0.0,0.0
0xe549dba1d5abe7c5b5efd4c5c627407e555b95b40f3d2c913e57ab3c7f2c4da5,2022-01-31 01:09:55,0x47cadc8ace1ea3108a2e04550fa8e525598ee9ea,82.512721389,,,Submit Value,False,0.0,0.0
0x1c89b152ee2286d9786499ff45290195e6ef53e81ad3f6605c03d41a21697050,2022-01-31 01:39:18,0x0d4f81320d36d7b7cf5fe7d1d547f63ecbd1a3e0,5.3920715524226,Error(0),Reverted,Submit Value,False,0.0,0.0
0x5f6bb1ebbe05c567343efefab99eb738da29f6006be55be4ec1469d5b5634dcb,2022-01-31 01:42:14,0x0d4f81320d36d7b7cf5fe7d1d547f63ecbd1a3e0,50.0686893647691,,,Submit Value,False,0.0,0.0
0xbb5d704214ae71bd61e3fb9bbff1bd50b1bfd995c8263577fc5268e42d970f85,2022-01-31 02:24:12,0x790802c27897fbf2ff24c9fb05a8c369e9006147,70.3725337352845,,,Submit Value,False,0.0,0.0
0x0ff8c31e00276f7414bf3d524449840642d6baad55e0a89eb805fb10e17e6892,2022-01-31 03:09:28,0x9670406d5b7dfe92dd24a926481b6280790699d6,76.0036007148862,,,Submit Value,False,0.0,0.0
0x012eda01217f9185d86eb9be237b9072ccff85a079fbd6aebd502d4a0f459a50,2022-01-31 03:52:50,0xa65a5d226cfc9ea6d37b3cbecf8d33796a479ed4,72.8778715352503,,,Submit Value,False,0.0,0.0
0x5c68c80002b2efda29f62b9c99583a4d0f6112ccc9dcaa8e2d8028ffbbf04144,2022-01-31 04:31:46,0x28be4fcbfeda8bb25c43a53ed87bc7540a9c463f,63.3256623824299,,,Submit Value,False,0.0,0.0
0xb5a946d349f32bd89393aff7d14192440838ce93b6b24eb9c69dda54a67ce7b0,2022-01-31 05:16:57,0xc569e79b6d91866c5432e27f11e8428e7749fe78,73.4863501894508,,,Submit Value,False,0.0,0.0
0x93f5fd74c3ad17b784cbbf60a0538783b66c7695148216ae9ec80e4c30b2e1d2,2022-01-31 05:57:09,0x6e971fdea2c5c3cad7b6617e798299375dc94d3c,64.0805240835363,,,Submit Value,False,0.0,0.0
0xaec12281bbf2f9db747a0a8c6e7a3a56ceb99db4d5751f2437b434bd6f371561,2022-01-31 06:33:16,0xd8b5baaba2c185f38d3b395f5bbf8bfa901e0b10,55.0752935543664,,,Submit Value,False,0.0,0.0
0xdba90680d0eb9764d6e18af04cb14b0df442acb8ea542220c8a5a0bd5ea6f649,2022-01-31 07:07:45,0x476f0b3a6919a3b3217757a0a20151d293624060,51.4928665833958,,,Submit Value,False,0.0,0.0
0xf24ba84022b7050043edfa5d089e91756b76c3a2cdef02773ea38e59732bbe36,2022-01-31 07:48:36,0xacfe63246b61a4e7e9e0488e5b8a9b26d578b023,64.4972190469851,,,Submit Value,False,0.0,0.0
0x04e7e36ec2c6eeeba501c0ab57003914beea3dd578d5edcad0794789f8a884b2,2022-01-31 08:21:17,0xb83268bb3a8d3ea50595876377f227d8cd25f1d6,47.7245772138882,,,Submit Value,False,0.0,0.0
0xeb70ce6e0bc09321dc58f81fff7b458fe18e5ff74c5a8ee159a2b5062e807a61,2022-01-31 09:00:56,0xada9b51e4ec1c62cde7fe002edc1e96bd65852af,61.2951644604,,,Submit Value,False,0.0,0.0
0x0750b8c5e150e0e3d91d9722cc6d3c8ba8b29bcc43cf77669afc514508779819,2022-01-31 09:39:43,0xdd6d1c35518fc955bbbeb52c5c1f5fb4e16d7eaf,52.0483656899052,,,Submit Value,False,0.0,0.0
0x48941c3ed60246db04515a9002dcd364e0048601b25d0f24a7617c862ab8e5ce,2022-01-31 10:15:01,0xbbf539090a662db9417e0f9bfc36f83e08768267,44.7269305104599,,,Submit Value,False,0.0,0.0
0x13bf430d1d653befd61c221ef17d321b04883dea405cf1d4648a75a69c869481,2022-01-31 10:49:37,0x2fe6d14ffbe1b9abcc9f1aa44d5baa247abc2825,42.7439646838329,,,Submit Value,False,0.0,0.0
0x57a87c87ebbbc321101c8a0fd661cadfd302f5dd6cf1a509aaa52e759023aad7,2022-01-31 11:19:30,0x47d945a6fa7a9d3098f18fd683fc9f43de396c3d,42.4351138572,,,Submit Value,True,60.90223333333333,2.9883333333333333
0xe8a8d1383e1338fcc13cb948092f5d9e29d0c26ab473688a442b5fe11757b018,2022-01-31 12:01:14,0x5ff4598cf19dca403e03a451b17e941766035161,58.3522365625841,,,Submit Value,True,85.05253333333332,4.173333333333333
0x2ea2b9fc9f62a0a7d40398428539963d4207c5522d8df2d969b9c1501de2669d,2022-01-31 12:34:36,0xfe1e01b2a3da85e7710bcffa44110f5e6eed5997,48.7217973916,,,Submit Value,True,68.00126666666665,3.3366666666666664
0x4e03d380b51b43a67f65b0d6a0a4692fde8d1a94ef9b955ccf5767503b136cc2,2022-01-31 13:17:18,0x1d7fb34d9812a3bee479c9d5b8a8d2008626629f,67.5818479948,,,Submit Value,True,87.02259999999998,4.27
0x353ece5bbe77043fa80ed2f83c0592db8d45b1d7ef1abca1beb55df7c22ab6eb,2022-01-31 13:53:26,0xa241e3acbfff471c92b47b0f86ac71325b1c7b2a,48.1555440947611,,,Submit Value,True,73.63973333333333,3.6133333333333333
0x716ffdef55aba0cf139f83bca437bb08155d1158e543961532de2b943bca4047,2022-01-31 14:47:53,0x47cadc8ace1ea3108a2e04550fa8e525598ee9ea,93.5144175742,,,Submit Value,True,110.9691,5.445
0x7d6c7e2a6b5382f517c57829a83a595507e7ab69ddf6f7cc7d77fd1f20cb2992,2022-01-31 15:35:55,0x0d4f81320d36d7b7cf5fe7d1d547f63ecbd1a3e0,74.5331896132333,,,Submit Value,True,97.89193333333334,4.803333333333334
0x31d2235fdb2a19dcb85ba7050abedc63d17a39ef696e1564ac6fe4b95073f410,2022-01-31 16:26:37,0x790802c27897fbf2ff24c9fb05a8c369e9006147,81.6122739952932,,,Submit Value,True,103.3266,5.07
